Label,SKU,Quantity On Hand,Quantity Available
Avignonesi Cantaloro Red Blend Toscana IGT 2024,100061550,1371,1371
Avignonesi Desiderio Merlot Toscana IGT 2020,100055676,37,37
Avignonesi Grifi Toscana IGT 2021,100055675,145,145
Avignonesi In Grandi Annate Sangiovese Toscana IGT 2016,100025341,14,14
Avignonesi Rosso di Montepulciano 2024,100056352,464,464
Avignonesi Vino Nobile di Montepulciano DOCG 2022,100059974,838,838
Bruno Rocca Langhe Nebbiolo Fralu 2023,100048458,23,23
Bruno Rocca Langhe Nebbiolo Fralu 2022 - 1.5L,100035322,2,2
Bruno Rocca Barbaresco 2022,100048459,43,43
Bruno Rocca Barbaresco 2021 - 1.5L,100035324,1,1
Bruno Rocca Barbaresco Curra 2020,100024046,35,35
Bruno Rocca Barbaresco Curra 2021,100035325,56,56
Bruno Rocca Barbaresco Curra 2021 - 1.5L,100035326,3,3
Bruno Rocca Barbaresco Maria Adelaide 2019 - 1.5L,100024081,3,3
Bruno Rocca Barbaresco Marcorino 2021,100035316,47,47
Bruno Rocca Barbaresco Marcorino 2021 - 1.5L,100035318,6,6
Bruno Rocca Barbaresco Riserva Curra 2019 - 1.5L,100035331,2,2
Bruno Rocca Barbaresco Riserva Rabaja 2019,100035332,5,5
Calafe' Greco di Tufo Riserva Fe 2019,100037395,11,0
Calafe' Irpinia Aglianico 2021,100037400,1,1
Calafe' Taurasi 2020,100038370,280,280
Castelfeder Mont Mes Cuvee Bianco Vigneti Dolomiti IGT 2024,100057843,1711,271
Castelfeder Pinot Bianco Riserva Tecum 2017,638333,23,23
Castelfeder Pinot Nero Burgum Novum Riserva Alto Adige 2020,100037376,168,168
Castelfeder Riesling Rotschiefer Sorentberg Mosel 2021,100037377,82,82
Castelfeder Sauvignon Raif IGT 2023,100037389,382,382
Castelfeder Sorentberg Rebel Riesling Mosel 2025,100063983,611,611
Castelfeder Vernatsch Alte Reben Alto Aidge 2023,100037373,215,215
Cecilia Ansonica 2018,638504,61,61
Ciacci Piccolomini Ateo Tuscany 2024,100062167,290,290
Ciacci Piccolomini Brunello di Montalcino Pianrosso DOCG 2018,100023908,70,70
Ciacci Piccolomini Brunello di Montalcino DOCG 2020,100048395,818,146
Ciacci Piccolomini Brunello di Montalcino Pianrosso 2021 1.5L,,6,6
Ciacci Piccolomini Rosso di Montalcino 2022,100034193,76,16
Ciacci Piccolomini Rosso di Montalcino Rossofonte 2022,100042522,60,60
Clic Sauvignon Blanc 2025,100062522,640,640
Cocito Barbaresco Baluchin 2016,100051132,60,18
Cocito Langhe Bianco 2023,100051295,33,33
Contratto Aperitif NV,557867,1424,1424
Contratto Bitter NV,557868,1813,1813
Contratto Fernet,568595,69,69
Contratto For England Blanc de Blancs Pas Dose Alta Langa DOCG 2019,100039687,147,147
Contratto For England Blanc de Noir Pas Dose Piemonte 2018,655844,198,198
Contratto For England Rose Brut Piemonte 2018,655845,166,166
Contratto Millesimato Pas Dose' 2021,100059381,0,0
Contratto Vermouth Americano Rosso,536656,134,134
Contratto Vermouth Bianco,536654,100,100
Contratto Vermouth Rosso,536655,344,344
Contratto Cuvee Novecento Pas Dose 2010,648118,131,131
E Pira e Figli Barolo Mosconi 2021 - 1.5L,100057847,1,1
E. Pira Barolo Via Nuova 2021,100055793,48,48
Frassinelli Prosecco Rose Millesimato Brut,100051062,2949,2949
La Spinetta Barbaresco Gallina 2009,100024247,1,1
La Spinetta Barbaresco Starderi 2006,530246,3,3
La Spinetta Barbaresco Starderi 2009,100024252,12,12
La Spinetta Barbaresco Starderi 2011,100024042,12,12
La Spinetta Barbaresco Valeriano 2008,620054,1,1
La Spinetta Barbaresco Valeirano 2020,100024037,3,3
La Spinetta Barbaresco Bordini 2020,100024099,187,19
La Spinetta Barbera d'Asti Superiore Ca di Pian 2023,100057851,4397,397
La Spinetta Barbera d'Asti Superiore Bionzo DOCG 2019,100023942,41,41
La Spinetta Barolo Campe 2020,100043350,16,16
La Spinetta Barolo Garretti 2021,100051144,93,93
La Spinetta Chianti Riserva 2021,100051073,336,336
La Spinetta il Colorino di Casanova Toscana Rosso IGT 2016,100024274,70,70
La Spinetta il Nero di Casanova IGT 2018 375ml,641004,0,0
La Spinetta il Nero di Casanova Toscana IGT 2022,100063925,540,540
La Spinetta il Rose di Casanova Tuscany 2025,100062169,1784,1784
La Spinetta Langhe Nebbiolo 2023,100051147,283,283
La Spinetta Moscato d'Asti Bricco Quaglia 2024,100059388,1755,75
La Spinetta Piemonte DOC Chardonnay Lidia 2021,100051075,225,225
La Spinetta Timorasso Colli Tortonesi Piccolo Derthona 2024,100063922,642,642
Malvirà Barbera d'Alba Superiore 2019,100024043,26,26
Malvirà Barbera d'Alba Superiore Vigna San Michele 2020,100040413,3,3
Malvirà Barolo DOCG Boiolo 2013,662447,12,12
Malvirà Barolo DOCG Boiolo 2016,639214,5,5
Malvirà Barolo DOCG Boiolo 2018,100035309,1,1
Malvirà Brachetto d'Acqui Birbet,553398,992,992
Malvirà Langhe Bianco Treuve 2015,100023923,21,21
Malvirà Langhe Bianco Treuve 2018,100023926,66,66
Malvirà Langhe Rosso San Guglielmo DOC 2018,662446,114,114
Malvirà Rive Gauche Spumante NV,577030,0,0
Malvirà Roero Arneis DOCG 2023,100048708,1785,105
Malvirà Roero Arneis DOCG SS Trinita 2024,100063216,217,217
Malvirà Roero Arneis Riserva Vigna Saglietto 2023,100063209,234,234
Malvirà Roero Nebbiolo Riserva Trinita DOCG 2010,100024277,60,60
Malvirà Roero Nebbiolo Riserva Trinita DOCG 2011,662452,60,60
Malvirà Roero Nebbiolo Riserva Trinita DOCG 2019,100035308,3,3
Malvirà Roero Nebbiolo 2020,100035306,105,105
Malvirà Roero Nebbiolo Riserva Mombeltramo DOCG 2007,100035307,22,22
Malvirà Roero Nebbiolo Riserva Mombeltramo DOCG 2011,662459,39,39
Malvirà Roero Nebbiolo Riserva Renesio DOCG 2008,615027,31,31
Malvirà Roero Nebbiolo Riserva Renesio DOCG 2010,615028,54,52
Malvirà Roero Nebbiolo Riserva Renesio DOCG 2011,662458,52,52
Malvirà Roero Nebbiolo Riserva Vigna Renesio DOCG 2012,662457,60,60
Malvirà Roero Nebbiolo Riserva Vigna Renesio DOCG 2013,100035310,61,1
Malvirà Renesium Late Harvest,583983,134,134
Marchese Luca Spinola Gavi di Gavi Massimiliano 2022,100029338,181,181
Marchese Luca Spinola Metodo Classico,649877,39,39
Massimo Rivetti Barbaresco Froi DOCG Piemonte 2020,100024117,480,84
Massimo Rivetti Barbaresco Riserva Serraboella 2018,100023943,120,0
Massimo Rivetti Barolo DOCG Piemonte 2019,100024119,676,16
Ottaviano Lambruschi Colli di Luni Vermentino il Casale 2025,,240,240
Ottaviano Lambruschi Colli di Luni Vermentino Superiore 2024,,120,120
Ottoventi Catarratto Zibibbo Terre Siciliane 2021,655173,735,195
Ottoventi Iruka Nero d'Avola Tardiva DOC Sicily 2024,100061894,507,507
Ottoventi Punto 8 Grillo Sicilia Piemonte 2024,100057200,435,435
Ottoventi Punto 20 Nero d'Avola Terre Siciliane IGT 2022,100049467,508,508
Rocco Chianti Classico DOCG 2020,100059067,2563,2563
Rocco Maremma Toscana Sangiovese 2024,100056091,1034,1034
Rocco Nebbiolo Piemonte 2022,100063582,1968,1968
San Cassiano Amarone DOCG Veneto 2020,100061895,547,547
San Cassiano Soave DOC 2024,100051140,107,107
San Cassiano Recioto DOCG 2018,649908,25,25
San Cassiano Valpolicella Ripasso Superiore DOC 2020,100035334,781,61
San Cassiano Valpolicella Superiore DOC Veneto 2023,100059078,353,353
San Felo Balla La Vecchia Maremma Toscana 2024,100049471,2366,2366
San Felo Cabernet Sauvignon Toscana IGT Aulus 2018,100033904,1155,399
San Felo Morellino di Scansano DOCG Lampo Tuscany 2022,100049477,584,584
San Felo Viognier DOC Maremma Toscana 2024,100049470,125,130
Santa Barbara Pignocco Verdicchio dei Castelli Jesi 2023,100036346,546,210
Santa Barbara Rosso Piceno Ste' DOC 2024,100056090,178,179
Sasso di Sole Orcia Sangiovese DOC 2023,100051721,433,433
Sasso di Sole Rosso di Montalcino DOC 2023,100047316,150,150
Sasso di Sole Brunello di Montalcino DOCG 2020,100047318,283,283
Sasso di Sole Brunello di Montalcino Riserva DOCG 2015,100033897,8,8
Sasso di Sole Brunello di Montalcino Riserva DOCG 2012,100033895,0,5
Scacciadiavoli Montefalco Rosso 2022,100047322,1085,5
Scacciadiavoli Montefalco Sagrantino Passito 2020 DOCG,100047324,196,196
Scacciadiavoli Spumante Brut Rose Umbria Metodo Classico 2023,100061891,171,171
Tenuta Santa Maria Amarone Classico Riserva DOCG 2019,100056353,36,36
Tenuta Santa Maria Merlot Decima Aurea Verona IGT 2016,100028166,20,2
Tenuta Santa Maria Pragal Rosso IGT,594500,446,446
Tenuta Santa Maria Valpolicella Classico Superiore DOC 2022,100059386,111,111
Tenuta Santa Maria Valpolicella Ripasso DOC Classico Superiore 2021,100055794,93,93
Terrabianca Alta Langa DOCG 2021,100040412,188,188
Terrabianca Dolcetto d'Alba Brichet 2023,100046931,1108,1108
Terrabianca Langhe Favorita Quattro20 2025,100063978,587,587
Terrabianca Moscato d'Asti DOCG d'Oro 2025,100061896,6403,6403
Terrabianca Spumante Brut V.S.Q. le Jeune,638785,1118,1119
Terrabianca Langhe Sauvignon Mermota 2025,100061897,3306,3306
Pra Amarone della Valpolicella Morandina 2018,100035962,379,379
Pra Amarone della Valpolicella 2010 - 1.5L,100024050,2,2
Pra Amarone della Valpolicella 2009 - 1.5L,100024048,1,1
Pra Soave Classico Monte Grande Veneto 2022,100049449,9,9
Pra Valpolicella DOC Morandina 2023,100038618,223,223
Rocchina Pinot Grigio delle Venezie DOC 2024,100044250,4311,4311
Rocchina Prosecco Brut DOC 2021,644502,9551,9551
Scacciadiavoli Montefalco Sagrantino 2020 DOCG,100047323,520,520
Castelfeder Chardonnay Burgum Novum Riserva Alto Adige 2022,100057844,226,226
Sasso di Sole Brunello di Montalcino Riserva DOCG 2019,100047320,238,238
Castelfeder Chardonnay Doss DOC 2025,100063982,1119,1119
Ciacci Piccolomini Toscana Rosso IGT 2025,100063981,1842,1842
Bruno Rocca Barbaresco Curra 2022,100048474,4,4
Bruno Rocca Barbaresco Curra 2022 - 1.5L,100048475,3,3
Bruno Rocca Barbaresco Marcorino 2022,100048699,30,30
Bruno Rocca Barbaresco DOCG Rabaja 2022,100048476,60,60
Bruno Rocca Barbaresco Rabaja 2022 - 1.5L,100048651,2,2
Bruno Rocca Barbaresco Riserva Curra 2020,100048700,1,1
Bruno Rocca Barbaresco Riserva Curra DOCG 2020 1.5L,100048769,2,2
Bruno Rocca Barbaresco Riserva Rabaja 2020,100048703,1,1
Bruno Rocca Barbaresco Riserva Rabaja 2020 - 1.5L,100048705,2,2
Malvirà Roero Nebbiolo Riserva Renesio 2015,100048721,58,58
Malvirà Roero Nebbiolo Riserva Trinita DOCG 2012,100048717,55,55
Malvirà Roero Nebbiolo Riserva Trinita 2015,100048719,25,13
Malvirà Roero Nebbiolo Riserva Trinita 2016,100048715,42,42
Malvirà Roero Nebbiolo Riserva Mombeltramo 2010 - 1.5L,100048725,3,3
Malvirà Roero Nebbiolo Riserva Trinita 2010 - 1.5L,100048722,3,3
Malvirà Roero Nebbiolo Riserva Mombeltramo 2016,100048720,47,47
Frassinelli Prosecco Bao Moro Brut Nature,100026909,849,849
Ottaviano Lambruschi Colli di Luni Vermentino Costa Marina 2025,,240,240
Malvirà Roero Nebbiolo Riserva Trinita DOCG 2008,662450,4,4
Malvirà Roero Nebbiolo Riserva Trinita DOCG 2009,662451,36,36
Pra Soave Classico Otto DOC 2025,100049446,360,360
Pra Soave Classico Staforte DOC 2022,100049448,3,3
Ottoventi Kubila Rosso 2024,100061892,1405,1403
San Felo Pinot Nero 2021,100049479,171,171
San Felo Morellino di Scansano DOCG Lampo Tuscany 2022 - 1.5L,100049480,5,5
San Felo Cabernet Sauvignon Toscana IGT Aulus 2018 - 1.5L,,6,6
La Spinetta Barbaresco Gallina 2022,100051105,12,12
La Spinetta Barbaresco Valeriano 2022,100051109,12,12
La Spinetta Barbaresco Valeriano 2013,620052,11,11
La Spinetta Barbaresco Starderi 2022,100051111,6,6
La Spinetta Barbaresco Starderi 2007,100024249,6,6
La Spinetta Barbaresco Starderi 2012,100024038,12,12
La Spinetta Barolo Campe 2021,100051113,12,12
La Spinetta Barolo Campe 2006,100024356,1,1
La Spinetta Barolo Campe 2007,548202,12,12
La Spinetta Barolo Campe 2009,100024089,6,6
Gulfi Rossojbleo 2024,100057819,548,548
Gulfi Valcanzjria 2024,100057822,670,670
Gulfi Reseca 2021,100051123,530,530
Gulfi Pino' 2017 ,100051127,577,577
Coravin Cartridges (INDIVIDUAL UNITS),,38,38
Coravin Needles,,4,4
Malvirà Langhe Chardonnay 2025,100063212,3363,3363
San Cassiano Rosso Veneto Leviale 2023,100052500,2199,2199
San Cassiano Chardonnay Verona Leviale 2025,100068329,1558,1558
Cantine Leuci Altura Rose Salento 2024,100052598,1825,1825
Cantine Leuci Fiano Salento 2024,100052603,530,530
Cantine Leuci Fralluri Primitivo Salento 2022,100052597,272,272
Cantine Leuci Idume Salice Salento Negroamaro Cabernet 2019 (Kosher),100052605,577,577
Cantine Leuci Terra Guaniani Salice Salento Rosso Negroamaro 2019,100052602,1301,1301
La Spinetta Sassontino 2009,100054824,55,55
La Spinetta Sezzana 2009,100054822,25,25
Malvirà Barolo DOCG Boiolo 2011,662448,19,19
E. Pira Barolo Cannubi 2021,100055799,15,15
E. Pira Barolo Mosconi 2021,100055792,39,39
Clic Pinot Grigio 2024,100055674,4,4
Champagne Stoppers,,29,29
Domenico Clerico Langhe Dolcetto DOC 2024 “Visadi”,100056103,1307,587
Domenico Clerico Barbera d’Alba DOC 2022 “Trevigne”,100056104,1152,432
Domenico Clerico Langhe DOC Nebbiolo 2024 “Capisme”,100056105,6,6
Domenico Clerico Langhe Rosso DOC 2023 “Arte”,100056106,222,222
Domenico Clerico Barolo del Comune di Monforte d'Alba DOCG 2021,100056112,351,351
Domenico Clerico Barolo Ginestra “Pajana” DOCG 2021,100056108,20,20
Domenico Clerico Barolo Ginestra “Pajana” DOCG 2014,100056113,36,36
Domenico Clerico Barolo Ginestra “Ciabot Mentin” DOCG 2021,100056141,23,23
Domenico Clerico Barolo Ginestra “Ciabot Mentin” DOCG 2014,100056140,14,14
Domenico Clerico Barolo del Comune di Serralunga d’Alba “Aeroplanservaj” 2021,100056142,12,12
Domenico Clerico Barolo DOCG “Percristina” 2015,100056163,5,5
Domenico Clerico Barolo DOCG Bussia “Briccotto” 2021,100056164,3,3
Castell’In Villa Chianti Classico DOCG 2020,100056094,267,267
Castell'In Villa “La Gazzara” Toscana Rosato IGT 2024,100056097,603,603
Castell’In Villa Chianti Classico Riserva DOCG 2017,100056095,305,305
Castell’In Villa Santacroce Toscana IGT 2016,100056096,540,540
San Felo Le Stoppie Maremma Toscana Vermentino 2024,100056111,850,100
Malvira' Roero Nebbiolo Riserva Mombeltramo DOCG 2015,648366,59,59
Vigneti Radica Montepulciano d'Abruzzo 2024,100068340,1571,1571
Vigneti Radica Pecorino Terre d'Abruzzo 2024,100068339,502,502
Vigneti Radica Rosato Terre d'Abruzzo 2024,100068330,579,579
Contratto Blanc de Noir Pas Dose For England 2019 Magnum,,3,3
E. Pira Barolo DOCG Via Nuova 2021 - 1.5L,100057848,1,1
Gulfi Pino' 2013,100057828,54,54
Gulfi Pino' 2015,100057830,8,8
Gulfi Pino' 2016,100057833,56,56
Malvirà Roero Nebbiolo Riserva Renesio DOCG 2009,615021,36,36
Scacciadiavoli Montefalco Sagrantino 2021 DOCG,100061901,360,360
Ciacci Piccolomini Brunello di Montalcino Pianrosso DOCG 2020,100062168,43,43
La Spinetta Moscato d'Asti Bricco Quaglia 2025 375 mL,100062170,343,343
Printer Paper (500 Pieces),,5,5
Massimo Rivetti Langhe Arneis Aurelia 2025,100062603,966,966
Massimo Rivetti Langhe Rosato 2025,100062601,901,901
Massimo Rivetti Langhe Rosso Bussolino 2025,100062599,1363,1363
Malvirà Barolo DOCG Boiolo 2012,100024041,11,11
Malvira' Roero Nebbiolo Riserva Trinita DOCG 2010,100024277,58,58
Malvira Roero Arneis Renesio 2024,100063210,232,232
Malvirà Roero Nebbiolo Riserva Mombeltramo 2010,615024,17,17
Ciacci Piccolomini Fabius Sant'Antimo Rosso 2024,100063980,446,446
La Spinetta Barbera d'Alba Superiore Gallina 2023,100063937,105,105
La Spinetta Barbaresco Gallina 2010,100063938,7,7
La Spinetta Barbaresco Gallina 2011,100064418,6,6
La Spinetta Barbaresco Gallina 2013,100063939,6,6
La Spinetta Barbaresco Gallina 2015,100063940,6,6
La Spinetta Barbaresco Gallina 2016,100063941,5,5
La Spinetta Barbaresco Starderi 2010,100063942,6,6
La Spinetta Barbaresco Starderi 2016,100063945,6,6
La Spinetta Barbaresco Valeirano 2010,100063986,6,6
La Spinetta Barbaresco Valeirano 2011,100063950,6,6
La Spinetta Barbaresco Valeirano 2016,100063953,6,6
La Spinetta Barolo Campe 2010,100063955,6,6
La Spinetta Barolo Campe 2011,100063956,5,5
La Spinetta Barolo Campe 2012,100063958,6,6
La Spinetta Barolo Campe 2013,100063959,6,6
La Spinetta Oro Moscato Passito 2016,100064401,31,31
CONTRATTINO NON-ALCOHOLIC 200ML (3-PACK),QUICKBOOKS,548,548
La Spinetta Barbaresco Gallina 2009,100024247,5,5
Ottoventi Venti Eloquenti Bianco Catarratto Zibibbo 2024,100061893,510,510
Contrattino Aperitivo Spritz 200mL (5.5%) 3-PACK,100064317,177,177
Contrattino Stoppers,,11,11
San Cassiano Valpolicella DOC Gruccione 2025,100068341,1088,1088
Domenico Clerico Barolo del Comune di Serralunga d’Alba “Aeroplanservaj” 2020,,12,12
Domenico Clerico Barolo del Comune di Serralunga d’Alba “Aeroplanservaj” 2022,,12,12
Domenico Clerico Barolo DOCG Bussia “Briccotto” 2021,,3,3
Domenico Clerico Barolo del Comune di Monforte d'Alba DOCG 2022,,336,336
Ciacci Piccolomini Brunello di Montalcino Pianrosso DOCG 2021,,60,60